case_id,stage_id,stage,method,noise_fraction,noise_percent,points_per_cycle,seed_id,profile,k_est,eta_est,alpha_est,k_error_percent,eta_error_percent,alpha_error_percent,runtime_s,volume_RMSE_m3,volume_NRMSE_percent,hidden_u_RMSE_m,hidden_u_NRMSE_percent,energy_residual_legacy,energy_residual_common_fullgrid,case_runtime_s
stage3_noise00100_points080_seed01,3,stage3_k_eta_alpha,Energy_PINN,0.001,0.1,80,1,paper,32975.2219280926,116.89215611297,9946675873386.95,1.01455323971233,1.73351711382184,3.50794136115878,655.312214708333,7.936836e-11,0.9250954,1.283238e-06,3.00715,0.0708105601831657,0.02115181,793.904109666667
stage3_noise00100_points080_seed01,3,stage3_k_eta_alpha,PINN,0.001,0.1,80,1,paper,33059.4883666497,123.559169210995,9942105593550.02,0.761601156913302,3.87116972133092,3.46038172783132,87.2252004583333,7.936836e-11,0.9250954,1.283237e-06,3.007149,0.0695594190541247,0.02126581,793.904109666667
stage3_noise00100_points080_seed02,3,stage3_k_eta_alpha,Energy_PINN,0.001,0.1,80,2,paper,33409.262480824,115.580228665919,8822800104104.14,0.288355293182247,2.83640117645263,8.18742990708589,647.282630541667,7.06115e-11,0.823028,1.293198e-06,3.030493,0.0660248839090303,0.02398355,781.914541208333
stage3_noise00100_points080_seed02,3,stage3_k_eta_alpha,PINN,0.001,0.1,80,2,paper,33377.4482409495,121.007646033592,8673979013766.59,0.192854897334041,1.72620792933874,9.73610454854858,87.991495375,7.06115e-11,0.823028,1.293199e-06,3.030494,0.0665333671956776,0.02433109,781.914541208333
stage3_noise00100_points080_seed03,3,stage3_k_eta_alpha,Energy_PINN,0.001,0.1,80,3,paper,34630.8368746847,119.597875933678,5376797769064.82,3.95529307425022,0.541071526663667,44.04751142236,645.511790875,1.01551e-10,1.183651,1.314519e-06,3.080457,0.0839959805816985,0.02524671,778.266012083333
stage3_noise00100_points080_seed03,3,stage3_k_eta_alpha,PINN,0.001,0.1,80,3,paper,33965.4137487838,121.17746407353,6556323327602.9,1.95781734700387,1.86896705082486,31.7730326013692,87.2684928333333,1.01551e-10,1.183651,1.31452e-06,3.080457,0.0872427190038797,0.02739641,778.266012083333
stage3_noise00500_points010_seed01,3,stage3_k_eta_alpha,Energy_PINN,0.005,0.5,10,1,paper,33038.5950454512,120.173394666684,9837004005279.21,0.824318998135053,1.02488672528949,2.36666467359351,649.284476375,7.266551e-11,0.8754191,1.275197e-06,2.988309,0.0692669657178628,0.02034425,780.973530625
stage3_noise00500_points010_seed01,3,stage3_k_eta_alpha,PINN,0.005,0.5,10,1,paper,33062.061655844,122.78107713288,9903382597553.19,0.753876624199055,3.21705934797015,3.05741920547829,87.8728961666667,7.266551e-11,0.8754191,1.275197e-06,2.988309,0.0688228919981663,0.0203246,780.973530625
stage3_noise00500_points010_seed02,3,stage3_k_eta_alpha,Energy_PINN,0.005,0.5,10,2,paper,33447.8861139644,113.668104499368,8696181984958.4,0.404296213617681,4.44384621756416,9.50505410823868,645.730183958333,6.606515e-11,0.7959029,1.293818e-06,3.031945,0.0649791621613296,0.02328197,775.763979416667
stage3_noise00500_points010_seed02,3,stage3_k_eta_alpha,PINN,0.005,0.5,10,2,paper,33437.345422728,117.679855810926,8498371755071.96,0.372655030626506,1.07133000510079,11.5635236850453,87.7373695833333,6.606515e-11,0.7959029,1.293819e-06,3.031948,0.0654202977431529,0.02354493,775.763979416667
stage3_noise00500_points010_seed03,3,stage3_k_eta_alpha,Energy_PINN,0.005,0.5,10,3,paper,34688.6526859221,118.27129844476,5087645873469.14,4.12884532259061,0.574128230503619,47.0565083812198,648.932212375,9.488123e-11,1.143057,1.307114e-06,3.063104,0.0742336047939553,0.02334993,778.740483041667
stage3_noise00500_points010_seed03,3,stage3_k_eta_alpha,PINN,0.005,0.5,10,3,paper,34048.8194490258,118.782231998917,6267666788172.42,2.20818565442015,0.144607165745329,34.776874742926,87.3491887916667,9.488123e-11,1.143057,1.307115e-06,3.063104,0.0776514970067117,0.02542383,778.740483041667
stage3_noise00500_points020_seed01,3,stage3_k_eta_alpha,Energy_PINN,0.005,0.5,20,1,paper,33018.6962533678,121.148440570507,9853454209332.21,0.88405144902375,1.84456817190988,2.53785018101033,644.632982541667,7.511861e-11,0.8755616,1.272954e-06,2.983052,0.0685308064850252,0.02127158,774.166080041667
stage3_noise00500_points020_seed01,3,stage3_k_eta_alpha,PINN,0.005,0.5,20,1,paper,33055.8860863504,125.298286401387,9889028974133.3,0.772414528406574,5.33317483193534,2.90805131311124,86.7520304166667,7.511861e-11,0.8755616,1.272954e-06,2.983052,0.0679490129400606,0.02129919,774.166080041667
stage3_noise00500_points020_seed02,3,stage3_k_eta_alpha,Energy_PINN,0.005,0.5,20,2,paper,33392.9962306765,118.114318651087,8724955996295.98,0.239527053557912,0.706094760349808,9.20562355312994,638.36426925,6.796726e-11,0.7922074,1.284274e-06,3.009579,0.0653808890151169,0.02399669,767.681686875
stage3_noise00500_points020_seed02,3,stage3_k_eta_alpha,PINN,0.005,0.5,20,2,paper,33385.4533507091,122.96411191494,8528051182063.07,0.216884739123863,3.37092924717496,11.2546711168372,86.5818954166667,6.796726e-11,0.7922074,1.284275e-06,3.009581,0.0656684187775734,0.02427222,767.681686875
stage3_noise00500_points020_seed03,3,stage3_k_eta_alpha,Energy_PINN,0.005,0.5,20,3,paper,34699.7872498428,120.88558598178,5163375527107.83,4.16226920026999,1.62359700666156,46.2684440421467,643.5574645,9.854348e-11,1.148595,1.30556e-06,3.059461,0.0802053106370341,0.0248855,768.898249166667
stage3_noise00500_points020_seed03,3,stage3_k_eta_alpha,PINN,0.005,0.5,20,3,paper,34029.7012544251,122.560425384023,6365440695346.72,2.15079641112915,3.03156639426098,33.7594116246668,84.7745800833333,9.854348e-11,1.148595,1.30556e-06,3.059461,0.0835069789896479,0.02705952,768.898249166667
stage3_noise00500_points040_seed01,3,stage3_k_eta_alpha,Energy_PINN,0.005,0.5,40,1,paper,32915.098595472,117.662074909484,9999877481628.2,1.19503223552152,1.08627768598284,4.06157244517636,647.413066458333,7.756369e-11,0.9040607,1.281211e-06,3.002402,0.0704839686575176,0.0207984,775.905033833333
stage3_noise00500_points040_seed01,3,stage3_k_eta_alpha,PINN,0.005,0.5,40,1,paper,33027.4504102287,123.418461105147,9973054985412.2,0.857773107978015,3.75288213784355,3.78244991209833,86.3555638333333,7.756369e-11,0.9040607,1.281211e-06,3.0024,0.0688831603344278,0.02083602,775.905033833333
stage3_noise00500_points040_seed02,3,stage3_k_eta_alpha,Energy_PINN,0.005,0.5,40,2,paper,33403.9857869445,115.645334547055,8815696681470.65,0.272515645393946,2.78166930934361,8.26135014564296,644.202630708333,6.950956e-11,0.810184,1.290601e-06,3.024405,0.0656114768524165,0.02396826,773.876709333333
stage3_noise00500_points040_seed02,3,stage3_k_eta_alpha,PINN,0.005,0.5,40,2,paper,33361.7729041464,121.394345442928,8688507055444.71,0.145800469013355,2.05129039982387,9.58492161012233,86.5149354166667,6.950956e-11,0.810184,1.290601e-06,3.024406,0.0661681041343974,0.02435013,773.876709333333
stage3_noise00500_points040_seed03,3,stage3_k_eta_alpha,Energy_PINN,0.005,0.5,40,3,paper,34598.4277597688,119.691378934075,5371941139833.1,3.8580069748255,0.619675697326667,44.0980508890249,643.379978708333,9.99618e-11,1.165127,1.311502e-06,3.073385,0.0823302730605679,0.02541667,772.780429416667
stage3_noise00500_points040_seed03,3,stage3_k_eta_alpha,PINN,0.005,0.5,40,3,paper,33939.2296529759,121.252851983164,6541080958055.98,1.87921759027702,1.93234260123117,31.9316490389963,86.9624845833333,9.99618e-11,1.165127,1.311501e-06,3.073385,0.0855470380762834,0.02752091,772.780429416667
stage3_noise00500_points080_seed01,3,stage3_k_eta_alpha,Energy_PINN,0.005,0.5,80,1,paper,32970.893989023,117.066892667284,9941793763948.5,1.02754490306743,1.58662319728306,3.45713674020735,642.293323916667,7.961717e-11,0.9279956,1.28261e-06,3.00568,0.0710549089401667,0.02124423,774.743636208333
stage3_noise00500_points080_seed01,3,stage3_k_eta_alpha,PINN,0.005,0.5,80,1,paper,33068.528243,124.036474060856,9927830516642.89,0.734465139416557,4.27242050170899,3.31183121284149,87.333734375,7.961717e-11,0.9279956,1.28261e-06,3.00568,0.0696338252277153,0.02136539,774.743636208333
stage3_noise00500_points080_seed02,3,stage3_k_eta_alpha,Energy_PINN,0.005,0.5,80,2,paper,33409.1212916744,115.581665168014,8889325286427.45,0.287931469770593,2.83519356754847,7.49514991740757,632.144107875,7.079031e-11,0.8251121,1.294267e-06,3.032996,0.0662234833682027,0.02388719,759.301469875
stage3_noise00500_points080_seed02,3,stage3_k_eta_alpha,PINN,0.005,0.5,80,2,paper,33381.1553391571,120.704193002339,8727829430157.19,0.203982912577116,1.47110730416436,9.17572178218679,84.6842539166667,7.079031e-11,0.8251121,1.294267e-06,3.032997,0.066713855030152,0.02421868,759.301469875
stage3_noise00500_points080_seed03,3,stage3_k_eta_alpha,Energy_PINN,0.005,0.5,80,3,paper,34616.2911465415,117.947571685292,5411816446629.78,3.91162951978352,0.846272154671811,43.6830970923789,633.162645041667,1.016131e-10,1.184374,1.318109e-06,3.088868,0.0841097383747055,0.02527472,760.836594
stage3_noise00500_points080_seed03,3,stage3_k_eta_alpha,PINN,0.005,0.5,80,3,paper,33954.9207888353,119.675106636895,6570429369861.71,1.92631944440879,0.60599623870851,31.6262411090608,84.7446757916667,1.016131e-10,1.184374,1.318109e-06,3.088868,0.0873956528337313,0.02742701,760.836594
stage3_noise01000_points080_seed01,3,stage3_k_eta_alpha,Energy_PINN,0.01,1,80,1,paper,32965.5272739345,117.278649863947,9934513831294.72,1.04365477768273,1.40860753195626,3.38137968811962,632.280438833333,8.004488e-11,0.9329807,1.282006e-06,3.004264,0.0714637834163999,0.021385,760.79022675
stage3_noise01000_points080_seed01,3,stage3_k_eta_alpha,PINN,0.01,1,80,1,paper,33079.8842800967,124.631618337694,9909122364839.4,0.700376440699281,4.77273409707206,3.11714885820356,84.849632625,8.004488e-11,0.9329807,1.282005e-06,3.004263,0.0698362448313332,0.02151938,760.79022675
stage3_noise01000_points080_seed02,3,stage3_k_eta_alpha,Energy_PINN,0.01,1,80,2,paper,33408.8518008228,115.580334751902,8972273667222.39,0.287122508654229,2.83631199428013,6.63196544808171,634.317140708333,7.113949e-11,0.829182,1.295776e-06,3.036533,0.0665350427756956,0.02380419,761.314527208333
stage3_noise01000_points080_seed02,3,stage3_k_eta_alpha,PINN,0.01,1,80,2,paper,33385.6842746801,120.324327353185,8795310964284,0.217577929680176,1.15176969800678,8.47348972332913,83.9942692083333,7.113949e-11,0.829182,1.295777e-06,3.036535,0.0670021055348412,0.02411575,761.314527208333
stage3_noise01000_points080_seed03,3,stage3_k_eta_alpha,Energy_PINN,0.01,1,80,3,paper,34598.2704851751,115.88242836567,5454060508259.6,3.85753486592037,2.58235417611258,43.2434933584585,631.843338333333,1.018036e-10,1.186594,1.322797e-06,3.099854,0.0843374779129652,0.02534355,759.710218
stage3_noise01000_points080_seed03,3,stage3_k_eta_alpha,PINN,0.01,1,80,3,paper,33942.027040567,117.800736524993,6586683448195.26,1.88761482445094,0.969710503714417,31.4570965417255,85.05835725,1.018036e-10,1.186594,1.322797e-06,3.099854,0.0876636632689808,0.02749629,759.710218
stage3_noise02000_points080_seed01,3,stage3_k_eta_alpha,Energy_PINN,0.02,2,80,1,paper,32954.1732892832,117.684336693558,9918508916188.74,1.07773731534296,1.06756310926163,3.21482798427727,625.867339625,8.128379e-11,0.9474211,1.281415e-06,3.00288,0.0726251756151257,0.02174887,753.144940625
stage3_noise02000_points080_seed01,3,stage3_k_eta_alpha,PINN,0.02,2,80,1,paper,33102.3184150005,125.81720389133,9870757619050.31,0.633033365011204,5.76940766688756,2.71791438952057,84.8970028333333,8.128379e-11,0.9474211,1.281415e-06,3.002879,0.0706056918286248,0.02192356,753.144940625
stage3_noise02000_points080_seed02,3,stage3_k_eta_alpha,Energy_PINN,0.02,2,80,2,paper,33407.9661945067,115.569282086042,9137483220167.56,0.284464084185079,2.84560352107457,4.91274779826311,632.446420166667,7.225256e-11,0.8421556,1.299367e-06,3.044948,0.0673651588927156,0.02376576,759.617528541667
stage3_noise02000_points080_seed02,3,stage3_k_eta_alpha,PINN,0.02,2,80,2,paper,33394.3712736189,119.563977934993,8930794217615.65,0.24365467520861,0.512574857439315,7.06361241157383,84.2359604166667,7.225256e-11,0.8421556,1.299367e-06,3.044949,0.0677838027239803,0.02403809,759.617528541667
stage3_noise02000_points080_seed03,3,stage3_k_eta_alpha,Energy_PINN,0.02,2,80,3,paper,34562.4169850605,111.763206151526,5534606899588.45,3.74990936655267,6.0452168066842,42.4053046754608,632.621048125,1.025261e-10,1.195015,1.332771e-06,3.123227,0.0850420332311476,0.02558038,761.230618916667
stage3_noise02000_points080_seed03,3,stage3_k_eta_alpha,PINN,0.02,2,80,3,paper,33916.6462623347,114.056368895088,6615537232206.55,1.81142647679037,4.11744812665666,31.1568358494595,85.5683517083333,1.025261e-10,1.195015,1.33277e-06,3.123226,0.0884244586052483,0.02772564,761.230618916667
