model,frequency_Hz,Omega,inertial_to_elastic,D_viscous_to_elastic,w_amplitude_um,dynamic_compliance_uL_per_mmHg,phase_lag_deg,hysteresis_J_per_cycle,wall_loss_fraction,radiation_loss_fraction,nonlinearity_index,THD,third_to_fundamental,linear_exact_amplitude_um,linear_exact_phase_deg
linear,0.1,2.55045652788994e-05,6.50482850065643e-10,0.00417794551282051,20.921187579417,0.210322717452385,-0.239377799171308,1.47216286294122e-07,0.997300384574371,0.00269961542562863,0,7.10515888640788e-16,5.85832901535696e-17,20.9211158845127,-0.239377252287533
linear,0.113646366638572,2.89850117664321e-05,8.40130907100208e-10,0.00474808327545979,20.921134337673,0.210322182207995,-0.272043709768326,1.67300497464993e-07,0.997300384574371,0.00269961542562863,0,1.58347238235045e-16,5.45493046940985e-17,20.9210626551419,-0.272043088361478
linear,0.129154966501488,3.29404127423128e-05,1.08507079163392e-09,0.00539602412753377,20.9210656012961,0.210321491194567,-0.309167114662529,1.90134928117167e-07,0.997300384574371,0.00269961542562862,0,1.3235229442337e-16,4.45910616153915e-17,20.9209939073671,-0.309166408343234
linear,0.146779926762207,3.74355822373879e-05,1.40142281745223e-09,0.00613238536388286,20.9209767984762,0.210320598451249,-0.35135619842589,2.16074991797914e-07,0.997300384574371,0.00269961542562863,0,9.66399417054633e-17,2.68085959812654e-17,20.9209051172046,-0.351355395860242
linear,0.166810053720006,4.25441790427861e-05,1.81000717042464e-09,0.00696923315432847,20.9208621342749,0.21031944572097,-0.39930209450668,2.45512677763475e-07,0.997300384574371,0.00269961542562863,0,1.37447959367941e-16,3.49230387956404e-17,20.9207904419728,-0.39930118227793
linear,0.189573565240638,4.83499136983354e-05,2.33771415463649e-09,0.00792028026246509,20.9207140271241,0.210317956785491,-0.453790180661713,2.79070528558528e-07,0.997300384574371,0.00269961542562863,0,1.9894551086787e-16,1.36328143568657e-16,20.9206423360062,-0.453789143961575
linear,0.215443469003188,5.49479201910437e-05,3.0192739333213e-09,0.00900111074588356,20.9205227440377,0.210316033798166,-0.515712909023449,3.171477164716e-07,0.997300384574371,0.00269961542562862,0,1.15927572149247e-16,4.14115943191245e-17,20.9204510544493,-0.515711730873018
linear,0.244843674682223,6.24463148405837e-05,3.8995422371693e-09,0.0102294353198108,20.9202757001958,0.210313550242586,-0.586084369537332,3.60418344363729e-07,0.997300384574371,0.00269961542562863,0,2.70717561145356e-16,8.28346544524972e-17,20.9202040125826,-0.586083030643751
linear,0.278255940220712,7.0967967916007e-05,5.0364524701274e-09,0.0116253815686078,20.9199566437553,0.210310342737404,-0.666056819424227,4.09538614793603e-07,0.997300384574371,0.00269961542562862,0,1.8976905170369e-16,1.03908850294804e-16,20.9198849586931,-0.666055297866723
linear,0.316227766016838,8.06525170137698e-05,6.50482850065643e-09,0.013211823760593,20.9195445881179,0.210306200302321,-0.756939435516671,4.65465656467546e-07,0.997300384574371,0.00269961542562862,0,1.43379521254234e-16,8.05468244138763e-17,20.9194729063502,-0.756937706389997
linear,0.359381366380463,9.16586551887059e-05,8.40130907100208e-09,0.0150147576706056,20.9190124338272,0.210300850503888,-0.860219577707767,5.2895789408959e-07,0.997300384574371,0.00269961542562863,0,1.75195212074795e-16,8.11602029063397e-17,20.918940756314,-0.860217612718083
linear,0.408423865267452,0.000104166731331742,1.08507079163392e-08,0.0170637265522296,20.9183251902248,0.21029394157764,-0.977586883816656,6.01101930231655e-07,0.997300384574371,0.00269961542562862,0,3.3190488283108e-16,1.68881274167947e-16,20.9182535182056,-0.977584650824021
linear,0.464158883361278,0.000118381705404688,1.40142281745223e-08,0.0193923052397503,20.9174376812054,0.210285019363831,-1.11096054945057,6.83072537903895e-07,0.997300384574371,0.00269961542562863,0,1.54488912855381e-16,7.85436792325776e-17,20.9173660162809,-1.11095801195095
linear,0.527499706370262,0.000134536506957206,1.81000717042464e-08,0.0220386503124377,20.9162915863779,0.210273497561942,-1.26252017940584,7.76202055512235e-07,0.997300384574371,0.00269961542562863,0,1.4464245835557e-16,2.34140980310768e-17,20.9162199306144,-1.26251729594572
linear,0.599484250318941,0.000152895851959315,2.33771415463648e-08,0.0250461253362659,20.9148116267312,0.21025861938481,-1.43474062751557,8.82000606395606e-07,0.997300384574371,0.00269961542562863,0,2.717700006474e-16,8.19577739205416e-17,20.9147399827961,-1.43473735103155
linear,0.681292069057961,0.000173760580492852,3.0192739333213e-08,0.0284640114284091,20.9129006501497,0.210239408152843,-1.63043126598879,1.00212726831416e-06,0.997300384574371,0.00269961542562863,0,1.90156031888211e-16,4.92162494279941e-17,20.9128290214857,-1.63042754306413
linear,0.774263682681127,0.000197472586380219,3.8995422371693e-08,0.032348314787975,20.9104333039647,0.210214603683568,-1.85278013758622,1.13867069758877e-06,0.997300384574371,0.00269961542562863,0,2.51170221531301e-16,3.90143356243629e-17,20.9103616950144,-1.85277590761586
linear,0.879922543569107,0.000224420419528335,5.0364524701274e-08,0.0367626844253416,20.9072478957894,0.210182580467816,-2.10540343591467,1.29366364306141e-06,0.997300384574371,0.00269961542562862,0,1.70669003035934e-16,5.99368289629796e-17,20.9071763122841,-2.10539863017156
linear,1,0.000255045652788994,6.50482850065643e-08,0.0417794551282051,20.9031359363755,0.210141242543059,-2.39240071793435,1.46962347616623e-06,0.997300384574371,0.00269961542562862,0,1.58713564417886e-16,2.88226459031971e-17,20.9030643857066,-2.39239525852989
linear,1.13646366638572,0.000289850117664321,8.40130907100208e-08,0.0474808327545979,20.8978287251313,0.210087888636321,-2.71841615955594,1.66932569257428e-06,0.997300384574371,0.00269961542562863,0,3.01574274349821e-16,1.98847986779324e-16,20.8977572168272,-2.71840995829116
linear,1.29154966501488,0.000329404127423128,1.08507079163392e-07,0.0539602412753377,20.8909801765435,0.210019039516541,-3.08870599230301,1.8958847630964e-06,0.997300384574371,0.00269961542562863,0,1.33358757219716e-16,8.06411259867493e-17,20.8909087228808,-3.08869894940913
linear,1.46779926762207,0.000374355822373879,1.40142281745223e-07,0.0613238536388286,20.8821448916576,0.209930217545053,-3.50921196636148,2.15273100297592e-06,0.997300384574371,0.00269961542562862,0,2.49190714432928e-16,7.64281856032937e-17,20.8820735084421,-3.50920396913694
linear,1.66810053720006,0.000425441790427861,1.81000717042464e-07,0.0696923315432847,20.870750253762,0.209815666150803,-3.98664021564994,2.4438383214703e-06,0.997300384574371,0.00269961542562863,0,2.3280209638857e-16,3.8248057286322e-17,20.8706789613252,-3.98663113701034
linear,1.89573565240638,0.000483499136983354,2.33771415463648e-07,0.0792028026246508,20.8560610786986,0.20966799445651,-4.52854417303243,2.77343231947057e-06,0.997300384574371,0.00269961542562862,0,1.02819279128436e-16,1.73038532003615e-17,20.855989903162,-4.52853387000602
linear,2.15443469003188,0.000549479201910437,3.0192739333213e-07,0.0900111074588356,20.8371350968426,0.209477729734716,-5.14340908664278,3.14624500783712e-06,0.997300384574371,0.00269961542562863,0,2.96376949037651e-16,7.38583027816488e-17,20.8370640717162,-5.14339739886796
linear,2.44843674682223,0.000624463148405837,3.8995422371693e-07,0.102294353198108,20.8127673255689,0.209232758178819,-5.84073407043741,3.5672351463636e-06,0.997300384574371,0.00269961542562863,0,2.33942396384942e-16,5.22853942977076e-17,20.812696493756,-5.84072081875327
linear,2.78255940220712,0.00070967967916007,5.0364524701274e-07,0.116253815686078,20.781421282196,0.208917633380165,-6.63110528642085,4.04178021408347e-06,0.997300384574371,0.00269961542562863,0,1.79357061515387e-16,1.05789031559399e-16,20.7813506984871,-6.63109027169116
linear,3.16227766016838,0.000806525170137698,6.50482850065643e-07,0.13211823760593,20.7411451171566,0.208512733206717,-7.52625055833084,4.57560632174853e-06,0.997300384574371,0.00269961542562863,0,1.72814001739422e-16,6.4811260925476e-17,20.7410748512951,-7.5262335607112
linear,3.59381366380463,0.000916586551887059,8.40130907100208e-07,0.150147576706056,20.6894713278855,0.207993251617093,-8.53906117964183,5.17408221184483e-06,0.997300384574371,0.00269961542562863,0,1.99950577654785e-16,5.10534336326199e-17,20.6894014682753,-8.53904195859326
linear,4.08423865267452,0.00104166731331742,1.08507079163392e-06,0.170637265522296,20.6233000764786,0.207328025641737,-9.68356063748357,5.84266013366393e-06,0.997300384574371,0.00269961542562863,0,1.7854656671706e-16,2.10816084020354e-17,20.6232307345707,-9.68353893295889
linear,4.64158883361278,0.00118381705404688,1.40142281745223e-06,0.193923052397503,20.5387687627869,0.206478224188642,-10.9747922801919,6.5856009252126e-06,0.997300384574371,0.00269961542562862,0,2.00963389111659e-16,3.55428590751741e-17,20.5387000781118,-10.9747678155722
linear,5.27499706370262,0.00134536506957206,1.81000717042464e-06,0.220386503124377,20.4311150396484,0.205395970922264,-12.4285887790314,7.40609526856098e-06,0.997300384574371,0.00269961542562863,0,7.18378429123893e-16,1.23303855409793e-16,20.4310471966396,-12.4285612711489
linear,5.99484250318941,0.00152895851959315,2.33771415463648e-06,0.250461253362659,20.2945477781766,0.204023047065109,-14.0611764747393,8.30461925126805e-06,0.997300384574371,0.00269961542562863,0,2.23220605898328e-16,8.14226244114047e-17,20.2944809665705,-14.0611456243993
linear,6.81292069057961,0.00173760580492852,3.0192739333213e-06,0.284640114284091,20.1221507668259,0.202289923275157,-15.888559240309,9.27823401023885e-06,0.997300384574371,0.00269961542562863,0,4.2678956565045e-16,9.72702272218452e-17,20.1220852545788,-15.8885247731201
linear,7.74263682681127,0.00197472586380219,3.8995422371693e-06,0.32348314787975,19.9058586159536,0.200115517412086,-17.9256239310532,1.03189120356656e-05,0.997300384574371,0.00269961542562862,0,4.23065655250788e-16,2.34457970460192e-16,19.9057947074336,-17.9255855978727
linear,8.79922543569107,0.00224420419528335,5.0364524701274e-06,0.367626844253416,19.6365596760906,0.197408229184589,-20.1849185503483,1.14118674673535e-05,0.997300384574371,0.00269961542562863,0,2.35129343872258e-16,5.39645734611691e-17,19.6364977235994,-20.1848761567871
linear,10,0.00255045652788994,6.50482850065643e-06,0.417794551282051,19.3043953719117,0.19406894938365,-22.675085433939,1.25341705186328e-05,0.997300384574371,0.00269961542562863,0,2.49026650559817e-16,1.22976176832283e-16,19.3043357707016,-22.6750388712849
linear,11.3646366638572,0.00289850117664321,8.40130907100207e-06,0.474808327545978,18.8993283285636,0.189996771311349,-25.3989943260925,1.3653106769005e-05,0.997300384574371,0.00269961542562863,0,1.82370146437449e-16,1.23026613355087e-16,18.899271504533,-25.3989436066499
linear,12.9154966501488,0.00329404127423128,1.08507079163392e-05,0.539602412753377,18.4120314295036,0.185097928565097,-28.3517207951832,1.47264381399531e-05,0.997300384574371,0.00269961542562863,0,2.30073091038314e-16,1.34184391092448e-16,18.4119778179279,-28.3516660883206
linear,14.6779926762207,0.00374355822373879,1.40142281745223e-05,0.613238536388286,17.835091954166,0.17929790034978,-31.5186464808196,1.57036484183423e-05,0.997300384574371,0.00269961542562862,0,3.14784299280132e-16,6.30348938628128e-17,17.835041969271,-31.518588143553
linear,16.6810053720006,0.00425441790427861,1.81000717042464e-05,0.696923315432847,17.164423457356,0.172555605237549,-34.8740875717255,1.65296574658775e-05,0.997300384574371,0.00269961542562863,0,2.76373417122736e-16,5.41172146452612e-17,17.1643774550612,-34.8740261656708
linear,18.9573565240638,0.00483499136983354,2.33771415463648e-05,0.792028026246508,16.4006495050221,0.164877311997051,-38.3809263338344,1.71507163680381e-05,0.997300384574371,0.00269961542562862,0,2.60246830003385e-16,2.15601719161203e-16,16.4006077442798,-38.380862620145
linear,21.5443469003188,0.00549479201910437,3.01927393332131e-05,0.900111074588356,15.5501165763447,0.15632682239587,-41.9916536801212,1.7522005927712e-05,0.997300384574371,0.00269961542562863,0,3.33473963624522e-16,1.13501142981035e-16,15.5500791869761,-41.9915885867844
linear,24.4843674682223,0.00624463148405837,3.8995422371693e-05,1.02294353198108,14.625179294723,0.147028338655153,-45.650983535186,1.76146686454651e-05,0.997300384574371,0.00269961542562862,0,2.28073771683955e-16,1.47595926020598e-16,14.6251462599059,-45.6509180970264
linear,27.8255940220713,0.0070967967916007,5.03645247012741e-05,1.16253815686078,13.6435324518938,0.137159748223627,-49.2998077779555,1.74213293864437e-05,0.997300384574371,0.00269961542562863,0,3.01654305201453e-16,8.06721765643312e-17,13.6435036105518,-49.2997430573025
linear,31.6227766016838,0.00806525170137698,6.50482850065643e-05,1.3211823760593,12.6266240308532,0.1269366697439,-52.8798586412788,1.69573384963149e-05,0.997300384574371,0.00269961542562863,0,1.55437796421542e-15,6.77250074423053e-16,12.6265990998023,-52.8797956434293
linear,35.9381366380463,0.00916586551887059,8.40130907100207e-05,1.50147576706056,11.5974688490525,0.116590473396544,-56.3382130319666,1.62579272582106e-05,0.997300384574371,0.00269961542562863,0,3.76266743996923e-14,1.71686622798096e-14,11.5974474591839,-56.3381526313341
linear,40.8423865267452,0.0104166731331742,0.000108507079163392,1.70637265522296,10.5783574353334,0.106345248018849,-59.6308262841622,1.53720010476145e-05,0.997300384574371,0.00269961542562863,0,5.41728356038375e-13,2.47413187418417e-13,10.5783391729008,-59.6307691734588
linear,46.4158883361278,0.0118381705404688,0.000140142281745223,1.93923052397503,9.58893980548427,0.0963985371155973,-62.7245942423836,1.43545982631266e-05,0.997300384574371,0.00269961542562863,0,3.62003656652421e-12,1.65059106692475e-12,9.58892424987631,-62.7245409101519
linear,52.7499706370262,0.0134536506957206,0.000181000717042464,2.20386503124377,8.64498666159828,0.0869088850766686,-65.597861202677,1.32597113025202e-05,0.997300384574371,0.00269961542562863,0,1.24912411973699e-11,5.68943223637686e-12,8.64497341397387,-65.59781193517
linear,59.9484250318941,0.0152895851959315,0.000233771415463648,2.50461253362659,7.75789550408659,0.0779908720734584,-68.2396426322166,1.21352454904677e-05,0.997300384574371,0.00269961542562862,0,5.28888132069762e-10,2.40695491870428e-10,7.75788420506722,-68.2395975024056
linear,68.1292069057962,0.0173760580492852,0.000301927393332131,2.84640114284091,6.93482078097425,0.0697164224623059,-70.6480140593481,1.10201374047269e-05,0.997300384574371,0.00269961542562863,0,6.02365359214582e-09,2.73956933507895e-09,6.93481111836093,-70.6479726616329
linear,77.4263682681127,0.0197472586380219,0.00038995422371693,3.2348314787975,6.17921559242729,0.0621202505923749,-72.8281293733742,9.94348867911782e-06,0.997300384574371,0.00269961542562863,0,4.35456930049268e-08,1.97942923156247e-08,6.17920730174608,-72.8280891526654
linear,87.9922543569107,0.0224420419528335,0.000503645247012741,3.67626844253416,5.49156968371874,0.0552072799201512,-74.7902350866486,8.92525574224739e-06,0.997300384574371,0.00269961542562863,0,2.32479532176469e-07,1.05633164840737e-07,5.49156254360087,-74.7901843216779
linear,100,0.0255045652788994,0.000650482850065643,4.17794551282051,4.87017730968252,0.0489603624248907,-76.5479143258765,7.97761127886147e-06,0.997300384574371,0.00269961542562863,0,9.79954630844982e-07,4.45123947661145e-07,4.87017113414761,-76.5478100245568
nonlinear,0.1,2.55045652788994e-05,6.50482850065643e-10,0.00417794551282051,19.7403245488011,0.198451387462373,-0.226540872364438,1.31457884313887e-07,0.997300384574371,0.00269961542562862,0.243550258307499,0.0181683407894204,0.0181422806979968,NaN,NaN
nonlinear,0.113646366638572,2.89850117664321e-05,8.40130907100208e-10,0.00474808327545979,19.7402833856449,0.198450973645192,-0.257455092928325,1.49391854411405e-07,0.997300384574371,0.00269961542562863,0.24354924259098,0.0181679290800504,0.0181418724688517,NaN,NaN
nonlinear,0.129154966501488,3.29404127423128e-05,1.08507079163392e-09,0.00539602412753377,19.7402302468167,0.198450439435426,-0.292587807790085,1.69782711142123e-07,0.997300384574371,0.00269961542562862,0.243547931373337,0.0181673975148944,0.0181413453962699,NaN,NaN
nonlinear,0.146779926762207,3.74355822373879e-05,1.40142281745223e-09,0.00613238536388286,19.7401615911627,0.198449749233511,-0.332514600614928,1.92945885201793e-07,0.997300384574371,0.00269961542562863,0.24354623727826,0.0181667108902057,0.0181406645731695,NaN,NaN
nonlinear,0.166810053720006,4.25441790427861e-05,1.81000717042464e-09,0.00696923315432847,19.7400729452118,0.198448858067213,-0.377889569231684,2.19227948499577e-07,0.997300384574371,0.00269961542562863,0.243544049926426,0.0181658243199705,0.0181397854918701,NaN,NaN
nonlinear,0.189573565240638,4.83499136983354e-05,2.33771415463649e-09,0.00792028026246509,19.7399584426222,0.198447706961631,-0.429456024021988,2.49199851664059e-07,0.997300384574371,0.00269961542562862,0.243541224572783,0.0181646793656972,0.0181386502042503,NaN,NaN
nonlinear,0.215443469003188,5.49479201910437e-05,3.0192739333213e-09,0.00900111074588356,19.7398105603525,0.198446220286905,-0.488058604151206,2.83202194883523e-07,0.997300384574371,0.00269961542562862,0.243537575599128,0.0181632008753932,0.0181371841903193,NaN,NaN
nonlinear,0.244843674682223,6.24463148405837e-05,3.8995422371693e-09,0.0102294353198108,19.7396195689357,0.198444300231762,-0.554657108260784,3.21842572857786e-07,0.997300384574371,0.00269961542562863,0.243532862953942,0.0181612917977507,0.0181352912113701,NaN,NaN
nonlinear,0.278255940220712,7.0967967916007e-05,5.0364524701274e-09,0.0116253815686078,19.7393729038115,0.198441820483468,-0.630342121358865,3.65701713450569e-07,0.997300384574371,0.00269961542562863,0.243526776647331,0.0181588268966565,0.0181328470783479,NaN,NaN
nonlinear,0.316227766016838,8.06525170137698e-05,6.50482850065643e-09,0.013211823760593,19.7390543399685,0.198438617930415,-0.716352822251309,4.15651083877399e-07,0.997300384574371,0.00269961542562863,0.243518916397643,0.0181556446707638,0.0181296916309939,NaN,NaN
nonlinear,0.359381366380463,9.16586551887059e-05,8.40130907100208e-09,0.0150147576706056,19.7386429261718,0.198434481947819,-0.814097060528525,4.72352020593595e-07,0.997300384574371,0.00269961542562862,0.24350876535432,0.0181515368134849,0.0181256182909828,NaN,NaN
nonlinear,0.408423865267452,0.000104166731331742,1.08507079163392e-08,0.0170637265522296,19.7381116102827,0.198429140577919,-0.925174274628176,5.36781066898824e-07,0.997300384574371,0.00269961542562862,0.243495656212486,0.0181462349058888,0.0181203608479463,NaN,NaN
nonlinear,0.464158883361278,0.000118381705404688,1.40142281745223e-08,0.0193923052397503,19.7374254652508,0.198422242695706,-1.05140133227246,6.09988384797008e-07,0.997300384574371,0.00269961542562863,0.243478727497707,0.0181393932115036,0.0181135763886594,NaN,NaN
nonlinear,0.527499706370262,0.000134536506957206,1.81000717042464e-08,0.0220386503124377,19.7365394010727,0.198413335007025,-1.19484182403923,6.93165369594791e-07,0.997300384574371,0.00269961542562863,0.243456867206309,0.0181305667882796,0.0181048235674747,NaN,NaN
nonlinear,0.599484250318941,0.000152895851959315,2.33771415463648e-08,0.0250461253362659,19.7353952156168,0.198401832400233,-1.35783916635577,7.87662955103115e-07,0.997300384574371,0.00269961542562862,0.243428640197869,0.0181191835955078,0.0180935349059014,NaN,NaN
nonlinear,0.681292069057961,0.000173760580492852,3.0192739333213e-08,0.0284640114284091,19.7339177937479,0.198386979735627,-1.54305394501725,8.94960805987936e-07,0.997300384574371,0.00269961542562863,0.243392194681501,0.0181045091320159,0.0180789816643325,NaN,NaN
nonlinear,0.774263682681127,0.000197472586380219,3.8995422371693e-08,0.032348314787975,19.7320102141666,0.19836780265403,-1.75350605610464,1.01694559283886e-06,0.997300384574371,0.00269961542562862,0.243345141932483,0.0180856021496802,0.0180602297950357,NaN,NaN
nonlinear,0.879922543569107,0.000224420419528335,5.0364524701274e-08,0.0367626844253416,19.7295474520022,0.198343044268357,-1.99262181751527,1.15542396233219e-06,0.997300384574371,0.00269961542562863,0.243284401663005,0.0180612585849724,0.0180360842094088,NaN,NaN
nonlinear,1,0.000255045652788994,6.50482850065643e-08,0.0417794551282051,19.726368288819,0.198311083834113,-2.26428698936513,1.31266066963352e-06,0.997300384574371,0.00269961542562862,0.243206003666327,0.0180299431132468,0.0180050205775428,NaN,NaN
nonlinear,1.13646366638572,0.000289850117664321,8.40130907100208e-08,0.0474808327545979,19.7222649284365,0.198269832356248,-2.5729056100117,1.49115087574345e-06,0.997300384574371,0.00269961542562863,0.243104833692147,0.017989704807158,0.0179651012671239,NaN,NaN
nonlinear,1.29154966501488,0.000329404127423128,1.08507079163392e-07,0.0539602412753377,19.7169696960413,0.198216598874035,-2.923465223802,1.69370026926508e-06,0.997300384574371,0.00269961542562863,0.242974308746633,0.017938076253962,0.0179138746086165,NaN,NaN
nonlinear,1.46779926762207,0.000374355822373879,1.40142281745223e-07,0.0613238536388286,19.7101380390886,0.198147919567493,-3.32160847791073,1.92340283531415e-06,0.997300384574371,0.00269961542562863,0.242805963449955,0.0178719553896098,0.0178482566778492,NaN,NaN
nonlinear,1.66810053720006,0.000425441790427861,1.81000717042464e-07,0.0696923315432847,19.7013268668754,0.19805934000303,-3.77371091768191,2.18387057023381e-06,0.997300384574371,0.00269961542562863,0.242588925197166,0.0177874723247992,0.0177643976804496,NaN,NaN
nonlinear,1.89573565240638,0.000483499136983354,2.33771415463648e-07,0.0792028026246508,19.6899670497845,0.19794513866569,-4.28696408027341,2.47894905163314e-06,0.997300384574371,0.00269961542562863,0.242309251513499,0.0176798459968857,0.0176575376771672,NaN,NaN
nonlinear,2.15443469003188,0.000549479201910437,3.0192739333213e-07,0.0900111074588356,19.6753286727463,0.197797977648846,-4.86946257657308,2.8129823260791e-06,0.997300384574371,0.00269961542562862,0.24194909898787,0.0175432438651633,0.0175218645352059,NaN,NaN
nonlinear,2.44843674682223,0.000624463148405837,3.8995422371693e-07,0.102294353198108,19.6564773909799,0.197608463894261,-5.53029234636236,3.19055431366487e-06,0.997300384574371,0.00269961542562863,0.241485689638816,0.0173706646912017,0.0173503940921743,NaN,NaN
nonlinear,2.78255940220712,0.00070967967916007,5.0364524701274e-07,0.116253815686078,19.6322200254527,0.197364602257986,-6.27961587520622,3.61670931779715e-06,0.997300384574371,0.00269961542562863,0.240890039454866,0.0171538781859496,0.0171349062636865,NaN,NaN
nonlinear,3.16227766016838,0.000806525170137698,6.50482850065643e-07,0.13211823760593,19.6010373958283,0.197051120273514,-7.12874767376502,4.09692613159153e-06,0.997300384574371,0.00269961542562862,0.240125416870413,0.0168834688813386,0.0168659848001311,NaN,NaN
nonlinear,3.59381366380463,0.000916586551887059,8.40130907100208e-07,0.150147576706056,19.5610024339261,0.196648644938477,-8.09021018543856,4.63648795150245e-06,0.997300384574371,0.00269961542562863,0.239145510137539,0.0165490481321021,0.016533225222311,NaN,NaN
nonlinear,4.08423865267452,0.00104166731331742,1.08507079163392e-06,0.170637265522296,19.5096819862118,0.19613271552562,-9.17775533824488,5.24100754376938e-06,0.997300384574371,0.00269961542562863,0.237892307001948,0.0161397039575551,0.0161256819378251,NaN,NaN
nonlinear,4.64158883361278,0.00118381705404688,1.40142281745223e-06,0.193923052397503,19.444021717938,0.195472626513006,-10.4063308897323,5.91530001671061e-06,0.997300384574371,0.00269961542562863,0.236293737854779,0.015644757172976,0.0156326241384087,NaN,NaN
nonlinear,5.27499706370262,0.00134536506957206,1.81000717042464e-06,0.220386503124377,19.3602155537275,0.194630115057617,-11.7919613866896,6.6636568521919e-06,0.997300384574371,0.00269961542562863,0.234261216429246,0.0150548528500972,0.0150446307061824,NaN,NaN
nonlinear,5.99484250318941,0.00152895851959315,2.33771415463648e-06,0.250461253362659,19.2535650296033,0.193557947047728,-13.3515022280754,7.48842639648189e-06,0.997300384574371,0.00269961542562862,0.231687353968226,0.0143633489720414,0.0143549859343612,NaN,NaN
nonlinear,6.81292069057961,0.00173760580492852,3.0192739333213e-06,0.284640114284091,19.1183403078623,0.192198519872032,-15.102210330297,8.38951917479311e-06,0.997300384574371,0.00269961542562863,0.228444335079521,0.0135678492169241,0.013561221864621,NaN,NaN
nonlinear,7.74263682681127,0.00197472586380219,3.8995422371693e-06,0.32348314787975,18.947666036691,0.190482714955332,-17.0610596408033,9.36292539745823e-06,0.997300384574371,0.00269961542562863,0.224383780148734,0.0126716123527251,0.0126665374090304,NaN,NaN
nonlinear,8.79922543569107,0.00224420419528335,5.0364524701274e-06,0.367626844253416,18.7334705849509,0.188329387410951,-19.2437175160346,1.03991115218171e-05,0.997300384574371,0.00269961542562863,0.219339325098263,0.011684495472246,0.0116807490195859,NaN,NaN
nonlinear,10,0.00255045652788994,6.50482850065643e-06,0.417794551282051,18.4665588003545,0.185646097485688,-21.6631001389412,1.14814408554623e-05,0.997300384574371,0.00269961542562863,0.213133621204343,0.0106231297966244,0.0106204699277181,NaN,NaN
nonlinear,11.3646366638572,0.00289850117664321,8.40130907100207e-06,0.474808327545978,18.1368904214878,0.182331909462749,-24.327456570399,1.25839796486283e-05,0.997300384574371,0.00269961542562863,0.205591746350659,0.0095101947612855,0.00950838333128532,NaN,NaN
nonlinear,12.9154966501488,0.00329404127423128,1.08507079163392e-05,0.539602412753377,17.7341600883532,0.178283222563698,-27.2380128182831,1.36706641640974e-05,0.997300384574371,0.00269961542562862,0.196562771274587,0.00837289202958293,0.00837171210385618,NaN,NaN
nonlinear,14.6779926762207,0.00374355822373879,1.40142281745223e-05,0.613238536388286,17.2487621419196,0.173403470171432,-30.3863577721072,1.46950368482701e-05,0.997300384574371,0.00269961542562863,0.185949872142825,0.00724090306556027,0.00724017025820717,NaN,NaN
nonlinear,16.6810053720006,0.00425441790427861,1.81000717042464e-05,0.696923315432847,16.6731599370927,0.167616885665594,-33.7519723188143,1.56023066254611e-05,0.997300384574371,0.00269961542562863,0.17374641392992,0.00614414897352504,0.00614371646640673,NaN,NaN
nonlinear,18.9573565240638,0.00483499136983354,2.33771415463648e-05,0.792028026246508,16.0035462482843,0.160885194639983,-37.3005453099974,1.63340808778232e-05,0.997300384574371,0.00269961542562862,0.160070932825609,0.00511057275888559,0.00511033093938898,NaN,NaN
nonlinear,21.5443469003188,0.00549479201910437,3.01927393332131e-05,0.900111074588356,15.2414907460151,0.153224177143801,-40.9838660820368,1.68360106660599e-05,0.997300384574371,0.00269961542562862,0.145189400100539,0.00416405149798533,0.00416392374957267,NaN,NaN
nonlinear,24.4843674682223,0.00624463148405837,3.8995422371693e-05,1.02294353198108,14.3950956978052,0.14471528605423,-44.7419570018886,1.70664951503709e-05,0.997300384574371,0.00269961542562863,0.129511737593105,0.00332254587605602,0.0033224822087034,NaN,NaN
nonlinear,27.8255940220713,0.0070967967916007,5.03645247012741e-05,1.16253815686078,13.4791522510815,0.135507218203571,-48.5075876926759,1.70050983847076e-05,0.997300384574371,0.00269961542562863,0.113554715879896,0.00259671970167656,0.00259668976843009,NaN,NaN
nonlinear,31.6227766016838,0.00806525170137698,6.50482850065643e-05,1.3211823760593,12.5140145211719,0.125804595477214,-52.2124977247202,1.66568152620318e-05,0.997300384574371,0.00269961542562863,0.0978753496475626,0.00198937309692678,0.00198935979863979,NaN,NaN
nonlinear,35.9381366380463,0.00916586551887059,8.40130907100207e-05,1.50147576706056,11.523347054661,0.115845319845404,-55.7939370148688,1.60510991543503e-05,0.997300384574371,0.00269961542562863,0.082992204588853,0.00149595105604301,0.00149594545457962,NaN,NaN
nonlinear,40.8423865267452,0.0104166731331742,0.000108507079163392,1.70637265522296,10.5313294221403,0.105872470864416,-59.1999653208932,1.5235794354799e-05,0.997300384574371,0.00269961542562863,0.0693180621235233,0.00110608193443616,0.00110607968682492,NaN,NaN
nonlinear,46.4158883361278,0.0118381705404688,0.000140142281745223,1.93923052397503,9.56006374685074,0.0961082433118607,-62.3924641496625,1.42683571557831e-05,0.997300384574371,0.00269961542562862,0.0571217617774061,0.000805746531737633,0.000805745667802057,NaN,NaN
nonlinear,52.7499706370262,0.0134536506957206,0.000181000717042464,2.20386503124377,8.62775319555297,0.0867356353796323,-65.3476802403872,1.3206938409104e-05,0.997300384574371,0.00269961542562863,0.0465238282521091,0.000579509803963798,0.00057950948395785,NaN,NaN
nonlinear,59.9484250318941,0.0152895851959315,0.000233771415463648,2.50461253362659,7.74785540274168,0.0778899379658537,-68.054844963855,1.21038739168869e-05,0.997300384574371,0.00269961542562863,0.0375182895886209,0.000412341836082696,0.00041234172112913,NaN,NaN
nonlinear,68.1292069057962,0.0173760580492852,0.000301927393332131,2.84640114284091,6.92908763646456,0.0696587866073505,-70.5137181490905,1.10019322013083e-05,0.997300384574371,0.00269961542562863,0.0300076596711288,0.000290802730955566,0.000290802690065983,NaN,NaN
nonlinear,77.4263682681127,0.0197472586380219,0.00038995422371693,3.2348314787975,6.17599519093589,0.0620878755854404,-72.7318277984778,9.93313063030788e-06,0.997300384574371,0.00269961542562862,0.0238393228740395,0.000203602140615611,0.000203602120456347,NaN,NaN
nonlinear,87.9922543569107,0.0224420419528335,0.000503645247012741,3.67626844253416,5.48978464182387,0.0551893347217408,-74.7219193749051,8.91945589118569e-06,0.997300384574371,0.00269961542562863,0.0188360846335033,0.000141670715570215,0.000141670575673902,NaN,NaN
nonlinear,100,0.0255045652788994,0.000650482850065643,4.17794551282051,4.86919838053438,0.0489505211557061,-76.4998661521628,7.97440504402494e-06,0.997300384574371,0.00269961542562863,0.0148181830431241,9.7896085700632e-05,9.78927071101555e-05,NaN,NaN
